{
    "detail-type": "policyholder.migration.success",
    "detail": {
        "policyholder": {
            "custom_member_id": "jetty policy holder id",
            "locator": "e7d8bec6-9f67-4d35-8a97-a57f3a009c50",
            "status": "policyholder.migration.success",
            "snowflake_input": {},
            "response": {
                "object": {},
                "status_code": 200
            },
            "policies": [
                "Jetty custom_policy_number_1",
                "Jetty custom_policy_number_2"
            ],
            "kill_switch_enabled": false
        }
    }
}