{
    "detail-type": " policy.migration.fail",
    "detail": {
        "policyholder": {
            "custom_member_id": "Jetty policy holder id",
            "locator": "Socotra policy holder locator id"
        },
        "policy": {
            "locator": "Socotra policy locator id Or Null ",
            "custom_policy_number": "Jetty policy id",
            "snowflake_input": "Policy data pulled from Snowflake",
            "statuses": {
                "create_policy_status_code": 200,
                "create_aux_status_code": 200,
                "payments": [
                    {
                        "locator": null,
                        "status_code": 400
                    }
                ],
                "final_state": {
                    "last_step": "Failed Step ex: payments / Get Policy Response for successful flow",
                    "status_code": 400,
                    "object": {}
                }
            },
            "policy_flow_end": 1691971200000
        },
        "kill_swtich_enabled": false
    }
}