{
    "detail-type": "policyholder.migration.fail",
    "detail": {
        "policyholder": {
            "custom_member_id": "jetty policy holder id",
            "locator": null,
            "status": "policyholder.migration.fail",
            "snowflake_input": {},
            "policies": [
                "Jetty custom_policy_number_1",
                "Jetty custom_policy_number_2"
            ],
            "kill_switch_enabled": false,
            "response": {
                "object": {},
                "status_code": 400
            }
        }
    }
}