{
    "detail-type": " policy.migration.success",
    "detail": {
        "policyholder": {
            "custom_member_id": "Jetty policy holder id",
            "locator": "Socotra policy holder locator id"
        },
        "policy": {
            "locator": "Socotra policy locator id Or Null",
            "custom_policy_number": "Jetty policy id",
            "snowflake_input": "Policy data pulled from Snowflake",
            "statuses": {
                "create_policy_status_code": 200,
                "create_aux_status_code": 200,
                "payments": [
                    {
                        "locator": "af6e73ae-a503-4df4-961b-8312047ce8f5",
                        "status_code": 200
                    },
                    {
                        "locator": "bf6e73ae-a503-4df4-961b-8312047ce8f5",
                        "status_code": 200
                    }
                ],
                "endorsements": [
                    {
                        "locator": "cf6e73ae-a503-4df4-961b-8312047ce8f5",
                        "create_status_code": 200,
                        "issue_status_code": 200
                    },
                    {
                        "locator": "cf6e73ae-a503-4df4-961b-8312047ce8f5",
                        "create_status_code": 200,
                        "issue_status_code": 200
                    }
                ],
                "renewals": [
                    {
                        "locator": "d6e73ae-a503-4df4-961b-8312047ce8f5",
                        "create_status_code": 200,
                        "issue_status_code": 200
                    }
                ],
                "cancellation": {
                    "locator": "e6e73ae-a503-4df4-961b-8312047ce8f5",
                    "status_code": 200
                },
                "final_state": {
                    "last_step": "Failed Step ex: payments / Get Policy Response for successful flow",
                    "status_code": 400,
                    "object": {}
                }
            }
        },
        "kill_swtich_enabled": false
    }
}